"Status","Start Time","Stop Time","Duration in ms","Parent Suite","Suite","Sub Suite","Test Class","Test Method","Name","Description"
"passed","Wed Jul 10 14:35:59 GMT 2024","Wed Jul 10 14:36:16 GMT 2024","16480","system engine","","","","","resolve engine endpoint",""
"passed","Wed Jul 10 14:35:53 GMT 2024","Wed Jul 10 14:35:59 GMT 2024","5543","integration test","","","","","test connection",""
"passed","Wed Jul 10 14:35:53 GMT 2024","Wed Jul 10 14:35:54 GMT 2024","1081","new identity integration test","","","","","works on system engine with DB",""
"passed","Wed Jul 10 14:35:53 GMT 2024","Wed Jul 10 14:35:55 GMT 2024","1886","infra v2 integration test","","","","","connects",""
"passed","Wed Jul 10 14:35:53 GMT 2024","Wed Jul 10 14:35:55 GMT 2024","2166","new identity integration test","","","","","works on user engine with DB",""
"passed","Wed Jul 10 14:35:53 GMT 2024","Wed Jul 10 14:35:58 GMT 2024","5199","integration test","","","","","failed test connection",""
"skipped","Wed Jul 10 14:35:59 GMT 2024","Wed Jul 10 14:36:33 GMT 2024","33974","system engine","","","","","start/stop engine",""
"passed","Wed Jul 10 14:35:53 GMT 2024","Wed Jul 10 14:35:54 GMT 2024","906","engine integration for account v2","","","","","resolve default engine endpoint if not provided",""
"passed","Wed Jul 10 14:35:53 GMT 2024","Wed Jul 10 14:35:56 GMT 2024","3108","infra v2 integration test","","","","","supports use database and use engine",""
"passed","Wed Jul 10 14:35:53 GMT 2024","Wed Jul 10 14:35:57 GMT 2024","3762","integration test","","","","","json output format",""
"passed","Wed Jul 10 14:35:53 GMT 2024","Wed Jul 10 14:35:57 GMT 2024","4130","integration test","","","","","returns Date type",""
"passed","Wed Jul 10 14:35:53 GMT 2024","Wed Jul 10 14:35:59 GMT 2024","6014","integration test","","","","","show helpful error message on account not found",""
"passed","Wed Jul 10 14:35:53 GMT 2024","Wed Jul 10 14:35:54 GMT 2024","886","new identity integration test","","","","","works on system engine",""
"passed","Wed Jul 10 14:35:53 GMT 2024","Wed Jul 10 14:35:55 GMT 2024","2261","infra v2 integration test","","","","","supports use engine",""
"passed","Wed Jul 10 14:35:53 GMT 2024","Wed Jul 10 14:35:59 GMT 2024","5898","integration test","","","","","custom parser",""
"passed","Wed Jul 10 14:35:53 GMT 2024","Wed Jul 10 14:35:56 GMT 2024","3284","integration test","","","","","works",""
"passed","Wed Jul 10 14:35:53 GMT 2024","Wed Jul 10 14:35:55 GMT 2024","1475","new identity integration test","","","","","works on user engine with no DB specified",""
"passed","Wed Jul 10 14:35:53 GMT 2024","Wed Jul 10 14:36:34 GMT 2024","40721","engine integration for account v2","","","","","create attach delete engine and database",""
"passed","Wed Jul 10 14:35:53 GMT 2024","Wed Jul 10 14:36:37 GMT 2024","44265","engine resource manager (account v2)","","","","","retrieves all engines",""
"passed","Wed Jul 10 14:35:53 GMT 2024","Wed Jul 10 14:35:56 GMT 2024","2689","new identity integration test","","","","","works on user engine with no DB",""
"passed","Wed Jul 10 14:35:53 GMT 2024","Wed Jul 10 14:35:58 GMT 2024","4609","integration test","","","","","destroyed unfinished statements should throw",""
"failed","Wed Jul 10 14:36:34 GMT 2024","Wed Jul 10 14:36:35 GMT 2024","611","new date data format","","","","","works",""
"passed","Wed Jul 10 14:35:53 GMT 2024","Wed Jul 10 14:35:56 GMT 2024","2897","new identity integration test","","","","","Correctly handles error in json body",""
"failed","Wed Jul 10 14:35:59 GMT 2024","Wed Jul 10 14:36:33 GMT 2024","33973","system engine","","","","","able to list databases",""
"skipped","Wed Jul 10 14:35:53 GMT 2024","Wed Jul 10 14:35:53 GMT 2024","4","engine integration for account v2","","","","","stops engine",""
"passed","Wed Jul 10 14:35:53 GMT 2024","Wed Jul 10 14:35:58 GMT 2024","4315","integration test","","","","","fails on no engine found",""
"passed","Wed Jul 10 14:35:53 GMT 2024","Wed Jul 10 14:36:12 GMT 2024","18785","infra v2 integration test","","","","","can handle mixed case engines and db",""
"skipped","Wed Jul 10 14:35:53 GMT 2024","Wed Jul 10 14:35:53 GMT 2024","3","engine integration for account v2","","","","","starts engine and waits for it to be ready",""
"passed","Wed Jul 10 14:35:53 GMT 2024","Wed Jul 10 14:35:58 GMT 2024","5048","integration test","","","","","stream",""
"failed","Wed Jul 10 14:35:59 GMT 2024","Wed Jul 10 14:36:33 GMT 2024","33575","system engine","","","","","able to list engines",""
